{"filesMd5":[{"android":"1.0.0","iOS":"1.0.0","page":"/mediator/index.js","md5":"342255eaf78fdcd68032cd05f0db9dd0"},{"android":"1.0.0","iOS":"1.0.0","page":"/config/index.js","md5":"0f81974a207179aa4a9af913346b1c10"},{"android":"1.0.0","iOS":"1.0.0","page":"/pages/standard/index.js","md5":"24ee84aad15e5bbd02ffc1cfdd7fefb7"},{"android":"1.0.0","iOS":"1.0.0","page":"/iconfont/font_1469606063_76593.ttf","md5":"f6222bcfedff4a817bb50df7a049d1db"},{"android":"1.0.0","iOS":"1.0.0","page":"/iconfont/font_1469606522_9417143.woff","md5":"6cf5490fd14ff83350ff952bb5b8e484"},{"android":"1.0.0","iOS":"1.0.0","page":"/iconfont/font_zn5b3jswpofuhaor.ttf","md5":"c0356b22e8235d2b0be8880cc81894cc"},{"android":"1.0.0","iOS":"1.0.0","page":"/iconfont/iconfont.ttf","md5":"ec86bfe5bdb872bad2b2af4f11da14f4"},{"android":"1.0.0","iOS":"1.0.0","page":"/assets/test.jpeg","md5":"58c74e921886aa24f88f758d494ebc6a"}],"android":"1.0.0","iOS":"1.0.0","appName":"liveplayer","jsVersion":"e98b0347bf2eea218f1192ae19513690","timestamp":1513395484322,"jsPath":"https://app.weex-eros.com/source"}
