{"filesMd5":[{"page":"/config/index.js","md5":"3b436e16d3d9e1b2bccfa5c64ad0a033"},{"page":"/mediator/index.js","md5":"6822eb14bb2caf8d88a31cd0a42d5cd6"},{"page":"/pages/standard/discover/index.js","md5":"e1e8a9d7362eeeca3f856e556d7eeacd"},{"page":"/pages/standard/entertain/index.js","md5":"2916dbce2529f2970bd06c313f3dfe47"},{"page":"/pages/standard/home/index.js","md5":"383e0dfe8a79d8c93c413875d4e7933e"},{"page":"/pages/standard/mine/index.js","md5":"db24262cb1e2f864feacd2ac6a4f69b3"},{"page":"/pages/standard/index.js","md5":"e9b95891d6b784229ebf3453bd2863b1"},{"page":"/iconfont/font_1469606063_76593.ttf","md5":"f6222bcfedff4a817bb50df7a049d1db"},{"page":"/iconfont/font_1469606522_9417143.woff","md5":"6cf5490fd14ff83350ff952bb5b8e484"},{"page":"/iconfont/font_zn5b3jswpofuhaor.ttf","md5":"c0356b22e8235d2b0be8880cc81894cc"},{"page":"/iconfont/iconfont.ttf","md5":"ec86bfe5bdb872bad2b2af4f11da14f4"},{"page":"/iconfont/ionicons.ttf","md5":"c3084a71de58084d8da04a88032a6c97"},{"page":"/assets/test.jpeg","md5":"58c74e921886aa24f88f758d494ebc6a"}],"android":"1.0.0","iOS":"1.0.0","appName":"liveplayer","jsVersion":"ff214657db408ca0620f6d8bae58ae94","timestamp":1515214376356,"jsPath":"https://app.weex-eros.com/source"}
