{"filesMd5":[{"page":"/config/index.js","md5":"88948a3dbf52041470744bbe941e3482"},{"page":"/mediator/index.js","md5":"c526d80aa9ec4fc84f128caaf3371f6d"},{"page":"/pages/standard/discover/index.js","md5":"b821dd9f1dcb5e3882538a3efa0e35fa"},{"page":"/pages/standard/entertain/index.js","md5":"4601417a9aaeee624ec323de0079fbf4"},{"page":"/pages/standard/home/index.js","md5":"5db57e6b905649dd20f66e18694f1e98"},{"page":"/pages/standard/mine/index.js","md5":"a1f6b3f7a813aabf7aa02ba10d1b9591"},{"page":"/pages/standard/index.js","md5":"2f3036cc2abe171f83b8d3c7a3029ac5"},{"page":"/iconfont/font_1469606063_76593.ttf","md5":"f6222bcfedff4a817bb50df7a049d1db"},{"page":"/iconfont/font_1469606522_9417143.woff","md5":"6cf5490fd14ff83350ff952bb5b8e484"},{"page":"/iconfont/font_zn5b3jswpofuhaor.ttf","md5":"c0356b22e8235d2b0be8880cc81894cc"},{"page":"/iconfont/iconfont.ttf","md5":"ec86bfe5bdb872bad2b2af4f11da14f4"},{"page":"/assets/test.jpeg","md5":"58c74e921886aa24f88f758d494ebc6a"}],"android":"1.0.0","iOS":"1.0.0","appName":"liveplayer","jsVersion":"b739ae452d63e87af91d27ce124fc195","timestamp":1515817398981,"jsPath":"https://app.weex-eros.com/source"}
