{"filesMd5":[{"android":"1.0.0","iOS":"1.0.0","page":"/config/index.js","md5":"02fed1beb488b288243b0cb1b737faeb"},{"android":"1.0.0","iOS":"1.0.0","page":"/pages/eros-tests/home/index.js","md5":"d077e79331e767e9424347d1a74eb37c"},{"android":"1.0.0","iOS":"1.0.0","page":"/mediator/index.js","md5":"54a6daa19deda55668ed992a64c3b637"},{"android":"1.0.0","iOS":"1.0.0","page":"/pages/eros-tests/index.js","md5":"cfb682856f741cea864e4bfec0621dcc"},{"android":"1.0.0","iOS":"1.0.0","page":"/iconfont/font_1469606063_76593.ttf","md5":"7f64b407dbb118b2bf74aae8488f115e"},{"android":"1.0.0","iOS":"1.0.0","page":"/iconfont/font_1469606522_9417143.woff","md5":"815be396a2edc810e9daab7eaf94b32e"},{"android":"1.0.0","iOS":"1.0.0","page":"/iconfont/font_zn5b3jswpofuhaor.ttf","md5":"be67220b1b872c2cba30a35787131d99"},{"android":"1.0.0","iOS":"1.0.0","page":"/iconfont/iconfont.ttf","md5":"fcfd6fc55b5308c896fadc1c08c4b1b0"},{"android":"1.0.0","iOS":"1.0.0","page":"/assets/test.jpeg","md5":"d0175845c26bad1178eeec7315cb1b32"}],"android":"1.0.0","iOS":"1.0.0","appName":"eros-template","jsVersion":"d2c2f835f5d12f92986e48b72326c1af","timestamp":1511381959867,"jsPath":"https://app.weex-eros.com/source"}
