{"filesMd5":[{"page":"/config/index.js","md5":"9f53b0997f16914705a5a902731e229d"},{"page":"/mediator/index.js","md5":"05283d649d1ddc2857bdca9217af378b"},{"page":"/pages/standard/discover/index.js","md5":"ed305141b7dc510742158b76bc5307ac"},{"page":"/pages/standard/entertain/index.js","md5":"77fa085f4ec2d3d0a4e44649e1d04eb0"},{"page":"/pages/standard/home/index.js","md5":"64fd71cda8a95519e877710c0e5aec94"},{"page":"/pages/standard/index.js","md5":"bc4abf31c24c39c09339e01268af166a"},{"page":"/pages/standard/mine/index.js","md5":"eadc3205039cc53167dafbc17dde4612"},{"page":"/iconfont/font_1469606063_76593.ttf","md5":"f6222bcfedff4a817bb50df7a049d1db"},{"page":"/iconfont/font_1469606522_9417143.woff","md5":"6cf5490fd14ff83350ff952bb5b8e484"},{"page":"/iconfont/font_zn5b3jswpofuhaor.ttf","md5":"c0356b22e8235d2b0be8880cc81894cc"},{"page":"/iconfont/iconfont.ttf","md5":"ec86bfe5bdb872bad2b2af4f11da14f4"},{"page":"/assets/test.jpeg","md5":"58c74e921886aa24f88f758d494ebc6a"}],"android":"1.0.0","iOS":"1.0.0","appName":"liveplayer","jsVersion":"92767bf15e9dc82f691f605b57821142","timestamp":1515207108783,"jsPath":"https://app.weex-eros.com/source"}
