{"filesMd5":[{"page":"/config/index.js","md5":"b8e01cd57893689f81d0632dd3fe473c"},{"page":"/mediator/index.js","md5":"c526d80aa9ec4fc84f128caaf3371f6d"},{"page":"/pages/standard/index.js","md5":"74a593acd05ed4c00e10a19761a8b0ad"},{"page":"/pages/standard/pDiscover.js","md5":"b821dd9f1dcb5e3882538a3efa0e35fa"},{"page":"/pages/standard/pEntertain.js","md5":"4ea30bc740b866d274d024c9fb61d0b9"},{"page":"/pages/standard/pMine.js","md5":"a1f6b3f7a813aabf7aa02ba10d1b9591"},{"page":"/pages/standard/pHome/index.js","md5":"4700f8436779dee34ab6855391e7e198"},{"page":"/pages/standard/pRoom/index.js","md5":"94d631bf98723e81c67777868380e8f6"},{"page":"/iconfont/font_1469606063_76593.ttf","md5":"f6222bcfedff4a817bb50df7a049d1db"},{"page":"/iconfont/font_1469606522_9417143.woff","md5":"6cf5490fd14ff83350ff952bb5b8e484"},{"page":"/iconfont/font_zn5b3jswpofuhaor.ttf","md5":"c0356b22e8235d2b0be8880cc81894cc"},{"page":"/iconfont/iconfont.ttf","md5":"ec86bfe5bdb872bad2b2af4f11da14f4"},{"page":"/assets/test.jpeg","md5":"58c74e921886aa24f88f758d494ebc6a"}],"android":"1.0.0","iOS":"1.0.0","appName":"liveplayer","jsVersion":"e771e02a92957416e2f5e9aaac1b85be","timestamp":1515936690620,"jsPath":"https://app.weex-eros.com/source"}
